ID,著作权人,软著名称,登记号,登记日
1,丰疆智能软件科技（南京）有限公司,软著1,2020SR0415238,2020/5/7
2,丰疆智能软件科技（南京）有限公司,软著2,2020SR0415061,2020/5/7
3,丰疆智能软件科技（南京）有限公司,软著3,2020SR0415250,2020/5/7
4,丰疆智能软件科技（南京）有限公司,软著4,2020SR0415244,2020/5/7
5,丰疆智能软件科技（南京）有限公司,软著5,2020SR0415449,2020/5/7
6,丰疆智能软件科技（南京）有限公司,软著6,2019SR1341778,2019/12/11
7,丰疆智能软件科技（南京）有限公司,软著7,2019SR1411695,2019/12/23
8,丰疆智能软件科技（南京）有限公司,软著8,2019SR1441377,2019/12/26
9,丰疆智能软件科技（南京）有限公司,软著9,2019SR1411358,2019/12/23
10,丰疆智能软件科技（南京）有限公司,软著10,2019SR1411631,2019/12/23
11,丰疆智能软件科技（南京）有限公司,软著11,2019SR1411362,2019/12/23
12,丰疆智能（深圳）有限公司,软著12,2020SR1058503,2020/9/8
13,丰疆智能（深圳）有限公司,软著13,2020SR1059586,2020/9/8
14,丰疆智能（深圳）有限公司,软著14,2020SR1057315,2020/9/8
15,丰疆智能（深圳）有限公司,软著15,2020SR1035141,2020/9/3
16,丰疆智能（深圳）有限公司,软著16,2020SR1061831,2020/9/8
17,丰疆智能（深圳）有限公司,软著17,2020SR1057609,2020/9/8
18,丰疆智能（深圳）有限公司,软著18,2020SR1059592,2020/9/8
19,丰疆智能（深圳）有限公司,软著19,2020SR1059569,2020/9/8
20,丰疆智能（深圳）有限公司,软著20,2020SR1035133,2020/9/3
21,丰疆智能（深圳）有限公司,软著21,2020SR1041793,2020/9/4
22,丰疆智能科技研究院（常州）有限公司,软著22,2021SR0903099,2021/6/16
23,丰疆智能（深圳）有限公司,软著23,2021SR1032974,2021/7/13
24,丰疆智能科技研究院（常州）有限公司,软著24,2021SR1163273,2021/8/6
25,丰疆智能科技研究院（常州）有限公司,软著25,2021SR1484058,2021/10/11
26,丰疆智能（深圳）有限公司,软著26,2021SR1443708,2021/9/28
27,丰疆智能科技研究院（常州）有限公司,软著27,2021SR1648493,2021/11/5
28,丰疆智能（深圳）有限公司,软著28,2022SR0575815,2022/5/11
29,斯维垦智能科技（深圳）有限公司,软著29,2022SR0734386,2022/6/10
30,丰疆智能（深圳）有限公司,软著30,2022SR0670326,2022/5/30
31,丰疆智能科技研究院（常州）有限公司,软著31,2022SR0728560,2022/6/9
32,丰疆智能科技研究院（常州）有限公司,软著32,2022SR1394219,2022/10/10
33,丰疆智能（深圳）有限公司,软著33,2022SR1383197,2022/9/29
34,斯维垦智能科技（深圳）有限公司,软著34,2022SR1405153,2022/10/24
35,丰疆智能（深圳）有限公司,软著35,2022SR1415452,2022/10/25
36,丰疆智能（深圳）有限公司,软著36,2022SR1415164,2022/10/25
37,丰疆智能科技研究院（常州）有限公司,软著37,2022SR1473391,2022/11/4
38,丰疆智能（深圳）有限公司,软著38,2022SR1527084,2022/11/17
39,丰疆智能科技（福建）有限公司,软著39,2023SR0209977,2023/2/8
40,丰疆智能科技（福建）有限公司,软著40,2023SR0209978,2023/2/8
41,丰疆智能科技（福建）有限公司,软著41,2023SR0209976,2023/2/8
42,丰疆智能科技（福建）有限公司,软著42,2023SR0211590,2023/2/8
43,丰疆智能科技（福建）有限公司,软著43,2023SR0209988,2023/2/8
44,丰疆智能科技（福建）有限公司,软著44,2023SR0210027,2023/2/8
45,丰疆智能（深圳）有限公司,软著45,2023SR0305605,2023/3/8
46,丰疆智能（深圳）有限公司,软著46,2023SR0691242,2023/6/19
47,斯维垦智能科技（深圳）有限公司,软著47,2023SR0434071,2023/4/4
48,丰疆智能（深圳）有限公司,软著48,2023SR0313971,2023/3/10
49,丰疆智能（深圳）有限公司,软著49,2023SR0615854,2023/6/9
50,丰疆自动化科技(西安)有限公司,软著50,2023SR0583459,2023/6/6
51,丰疆自动化科技(西安)有限公司,软著51,2023SR0882718,2023/8/2
52,丰疆智能软件科技（南京）有限公司,软著52,2023SR0930356,2023/8/14
53,丰疆智能（深圳）有限公司,软著53,2023SR0981930,2023/8/29
54,丰疆自动化科技(西安)有限公司,软著54,2023SR1011967,2023/9/5
55,丰疆智能科技研究院（常州）有限公司,软著55,2023SR1177509,2023/9/28
56,丰疆智能（深圳）有限公司,软著56,2023SR1122185,2023/9/20
57,丰疆智能（深圳）有限公司,软著57,2023SR1184810,2023/10/7
58,丰疆自动化科技(西安)有限公司,软著58,2023SR1395946,2023/11/7
59,丰疆自动化科技(西安)有限公司,软著59,2023SR1525046,2023/11/28
60,丰疆自动化科技(西安)有限公司,软著60,2024SR0005827,2024/1/2
61,丰疆智能软件科技（南京）有限公司,软著61,2024SR1380895,2024/9/14
62,丰疆智能软件科技（南京）有限公司,软著62,2024SR1229424,2024/8/22
63,丰疆智能软件科技（南京）有限公司,软著63,2024SR1229278,2024/8/22
64,丰疆智能软件科技（南京）有限公司,软著64,2024SR1229394,2024/8/22
65,丰疆智能软件科技（南京）有限公司,软著65,2024SR1225561,2024/8/22
66,丰疆智能软件科技（南京）有限公司,软著66,2024SR1226858,2024/8/22
67,丰疆智能软件科技（南京）有限公司,软著67,2024SR1229477,2024/8/22
68,丰疆智能软件科技（南京）有限公司,软著68,2024SR1233474,2024/8/23
69,丰疆智能软件科技（南京）有限公司,软著69,2024SR1232951,2024/8/23
70,丰疆智能软件科技（南京）有限公司,软著70,2024SR1233217,2024/8/23
71,丰疆智能软件科技（南京）有限公司,软著71,2024SR1233634,2024/8/23
72,丰疆智能软件科技（南京）有限公司,软著72,2024SR1229714,2024/8/23
73,丰疆智能软件科技（南京）有限公司,软著73,2024SR1229707,2024/8/22
74,丰疆智能（深圳）有限公司,软著74,2024SR1483358,2024/10/9
75,丰疆智能科技研究院(常州)有限公司深圳分公司,软著75,2024SR1774578,2024/11/13
76,丰疆智能（深圳）有限公司,软著76,2024SR2200572,2024/12/26
77,丰疆智能（深圳）有限公司,软著77,2025SR0309825,2025/2/21
78,丰疆智能科技研究院(常州)有限公司深圳分公司,软著78,2025SR0506451,2025/3/24
79,丰疆智能科技研究院(常州)有限公司深圳分公司,软著79,2025SR0497288,2025/3/21
80,丰疆智能科技研究院(常州)有限公司深圳分公司,软著80,2025SR0604307,2025/4/11
81,丰疆智能（深圳）有限公司,软著81,2025SR0423830,2025/3/11
82,丰疆智能（深圳）有限公司,软著82,2025SR0609444,2025/4/11
83,丰疆智能科技研究院（常州）有限公司,软著83,2025SR0808858,2025/5/19
84,丰疆智能科技研究院（常州）有限公司,软著84,2025SR0879233,2025/5/27
85,丰疆智能科技研究院（常州）有限公司,软著85,2025SR0808847,2025/5/19
86,丰疆智能科技研究院（常州）有限公司,软著86,2025SR0808820,2025/5/19
87,丰疆自动化科技(西安)有限公司,软著87,2025SR0854710,2025/5/23
88,丰疆智能软件科技（南京）有限公司,软著88,2025SR0870638,2025/5/26
89,丰疆智能（深圳）有限公司,软著89,2025SR0993640,2025/6/12
90,丰疆智能（深圳）有限公司,软著90,2025SR1037245,2025/6/18
91,丰疆智能（深圳）有限公司,软著91,2025SR1037477,2025/6/18
92,丰疆智能（深圳）有限公司,软著92,2025SR1037430,2025/6/18
93,丰疆智能（深圳）有限公司,软著93,2025SR1043308,2025/6/19
94,丰疆智能（深圳）有限公司,软著94,2025SR1036739,2025/6/18
95,丰疆智能（深圳）有限公司,软著95,2025SR1033189,2025/6/18
96,丰疆智能（深圳）有限公司,软著96,2025SR1038378,2025/6/18
97,丰疆智能（深圳）有限公司,软著97,2025SR1040874,2025/6/19
98,丰疆智能科技研究院（常州）有限公司,软著98,2025SR1113550,2025/6/27
